,Period,Data_value,STATUS,STATUS_Labeled,Series_reference_BDCQ.SEA1AA,Series_reference_BDCQ.SEA1AS,Series_reference_BDCQ.SEA1AT,Series_reference_BDCQ.SEA1BA,Series_reference_BDCQ.SEA1BS,Series_reference_BDCQ.SEA1BT,Series_reference_BDCQ.SEA1CA,Series_reference_BDCQ.SEA1CS,Series_reference_BDCQ.SEA1CT,Series_reference_BDCQ.SEA1DA,Series_reference_BDCQ.SEA1DS,"Series_title_2_Agriculture, Forestry and Fishing","Series_title_2_Electricity, Gas, Water and Waste Services",Series_title_2_Manufacturing,Series_title_2_Mining,Series_title_3_Actual,Series_title_3_Seasonally adjusted,Series_title_3_Trend
0,2011.06,80078,F,0,1,0,0,0,0,0,0,0,0,0,0,1,0,0,0,1,0,0
1,2011.09,78324,F,0,1,0,0,0,0,0,0,0,0,0,0,1,0,0,0,1,0,0
2,2011.12,85850,F,0,1,0,0,0,0,0,0,0,0,0,0,1,0,0,0,1,0,0
3,2012.03,90743,F,0,1,0,0,0,0,0,0,0,0,0,0,1,0,0,0,1,0,0
4,2012.06,81780,F,0,1,0,0,0,0,0,0,0,0,0,0,1,0,0,0,1,0,0
5,2012.09,79261,F,0,1,0,0,0,0,0,0,0,0,0,0,1,0,0,0,1,0,0
6,2012.12,87793,F,0,1,0,0,0,0,0,0,0,0,0,0,1,0,0,0,1,0,0
7,2013.03,91571,F,0,1,0,0,0,0,0,0,0,0,0,0,1,0,0,0,1,0,0
8,2013.06,81687,F,0,1,0,0,0,0,0,0,0,0,0,0,1,0,0,0,1,0,0
9,2013.09,81471,F,0,1,0,0,0,0,0,0,0,0,0,0,1,0,0,0,1,0,0
10,2013.12,93950,F,0,1,0,0,0,0,0,0,0,0,0,0,1,0,0,0,1,0,0
11,2014.03,97208,F,0,1,0,0,0,0,0,0,0,0,0,0,1,0,0,0,1,0,0
12,2014.06,85879,F,0,1,0,0,0,0,0,0,0,0,0,0,1,0,0,0,1,0,0
13,2014.09,84447,F,0,1,0,0,0,0,0,0,0,0,0,0,1,0,0,0,1,0,0
14,2014.12,95075,F,0,1,0,0,0,0,0,0,0,0,0,0,1,0,0,0,1,0,0
15,2015.03,98202,F,0,1,0,0,0,0,0,0,0,0,0,0,1,0,0,0,1,0,0
16,2015.06,87987,F,0,1,0,0,0,0,0,0,0,0,0,0,1,0,0,0,1,0,0
17,2015.09,84529,F,0,1,0,0,0,0,0,0,0,0,0,0,1,0,0,0,1,0,0
18,2015.12,96848,F,0,1,0,0,0,0,0,0,0,0,0,0,1,0,0,0,1,0,0
19,2016.03,99291,F,0,1,0,0,0,0,0,0,0,0,0,0,1,0,0,0,1,0,0
20,2016.06,88716,F,0,1,0,0,0,0,0,0,0,0,0,0,1,0,0,0,1,0,0
21,2016.09,85933,F,0,1,0,0,0,0,0,0,0,0,0,0,1,0,0,0,1,0,0
22,2016.12,96540,F,0,1,0,0,0,0,0,0,0,0,0,0,1,0,0,0,1,0,0
23,2017.03,98994,F,0,1,0,0,0,0,0,0,0,0,0,0,1,0,0,0,1,0,0
24,2017.06,90510,F,0,1,0,0,0,0,0,0,0,0,0,0,1,0,0,0,1,0,0
25,2017.09,87089,F,0,1,0,0,0,0,0,0,0,0,0,0,1,0,0,0,1,0,0
26,2017.12,98933,F,0,1,0,0,0,0,0,0,0,0,0,0,1,0,0,0,1,0,0
27,2018.03,101168,F,0,1,0,0,0,0,0,0,0,0,0,0,1,0,0,0,1,0,0
28,2018.06,90766,F,0,1,0,0,0,0,0,0,0,0,0,0,1,0,0,0,1,0,0
29,2018.09,86929,F,0,1,0,0,0,0,0,0,0,0,0,0,1,0,0,0,1,0,0
30,2018.12,100290,F,0,1,0,0,0,0,0,0,0,0,0,0,1,0,0,0,1,0,0
31,2019.03,102031,F,0,1,0,0,0,0,0,0,0,0,0,0,1,0,0,0,1,0,0
32,2019.06,90836,F,0,1,0,0,0,0,0,0,0,0,0,0,1,0,0,0,1,0,0
33,2019.09,88032,F,0,1,0,0,0,0,0,0,0,0,0,0,1,0,0,0,1,0,0
34,2019.12,100531,F,0,1,0,0,0,0,0,0,0,0,0,0,1,0,0,0,1,0,0
35,2020.03,100947,F,0,1,0,0,0,0,0,0,0,0,0,0,1,0,0,0,1,0,0
36,2020.06,93239,F,0,1,0,0,0,0,0,0,0,0,0,0,1,0,0,0,1,0,0
37,2020.09,93706,F,0,1,0,0,0,0,0,0,0,0,0,0,1,0,0,0,1,0,0
38,2020.12,103593,F,0,1,0,0,0,0,0,0,0,0,0,0,1,0,0,0,1,0,0
39,2021.03,102002,F,0,1,0,0,0,0,0,0,0,0,0,0,1,0,0,0,1,0,0
40,2021.06,93431,F,0,1,0,0,0,0,0,0,0,0,0,0,1,0,0,0,1,0,0
41,2021.09,92353,F,0,1,0,0,0,0,0,0,0,0,0,0,1,0,0,0,1,0,0
42,2021.12,102896,F,0,1,0,0,0,0,0,0,0,0,0,0,1,0,0,0,1,0,0
43,2022.03,101092,F,0,1,0,0,0,0,0,0,0,0,0,0,1,0,0,0,1,0,0
44,2022.06,94757,F,0,1,0,0,0,0,0,0,0,0,0,0,1,0,0,0,1,0,0
45,2022.09,91674,F,0,1,0,0,0,0,0,0,0,0,0,0,1,0,0,0,1,0,0
46,2022.12,99680,F,0,1,0,0,0,0,0,0,0,0,0,0,1,0,0,0,1,0,0
47,2023.03,98706,F,0,1,0,0,0,0,0,0,0,0,0,0,1,0,0,0,1,0,0
48,2023.06,92576,F,0,1,0,0,0,0,0,0,0,0,0,0,1,0,0,0,1,0,0
49,2023.09,90647,F,0,1,0,0,0,0,0,0,0,0,0,0,1,0,0,0,1,0,0
50,2023.12,100561,F,0,1,0,0,0,0,0,0,0,0,0,0,1,0,0,0,1,0,0
51,2024.03,100429,F,0,1,0,0,0,0,0,0,0,0,0,0,1,0,0,0,1,0,0
52,2024.06,92037,F,0,1,0,0,0,0,0,0,0,0,0,0,1,0,0,0,1,0,0
53,2024.09,90079,F,0,1,0,0,0,0,0,0,0,0,0,0,1,0,0,0,1,0,0
54,2024.12,100318,F,0,1,0,0,0,0,0,0,0,0,0,0,1,0,0,0,1,0,0
55,2025.03,99703,F,0,1,0,0,0,0,0,0,0,0,0,0,1,0,0,0,1,0,0
56,2025.06,92128,F,0,1,0,0,0,0,0,0,0,0,0,0,1,0,0,0,1,0,0
57,2025.09,90814,R,1,1,0,0,0,0,0,0,0,0,0,0,1,0,0,0,1,0,0
58,2011.06,83851,R,1,0,1,0,0,0,0,0,0,0,0,0,1,0,0,0,0,1,0
59,2011.09,84142,R,1,0,1,0,0,0,0,0,0,0,0,0,1,0,0,0,0,1,0
60,2011.12,82663,R,1,0,1,0,0,0,0,0,0,0,0,0,1,0,0,0,0,1,0
61,2012.03,84321,R,1,0,1,0,0,0,0,0,0,0,0,0,1,0,0,0,0,1,0
62,2012.06,85700,R,1,0,1,0,0,0,0,0,0,0,0,0,1,0,0,0,0,1,0
63,2012.09,85208,R,1,0,1,0,0,0,0,0,0,0,0,0,1,0,0,0,0,1,0
64,2012.12,84420,R,1,0,1,0,0,0,0,0,0,0,0,0,1,0,0,0,0,1,0
65,2013.03,85085,R,1,0,1,0,0,0,0,0,0,0,0,0,1,0,0,0,0,1,0
66,2013.06,85658,R,1,0,1,0,0,0,0,0,0,0,0,0,1,0,0,0,0,1,0
67,2013.09,87742,R,1,0,1,0,0,0,0,0,0,0,0,0,1,0,0,0,0,1,0
68,2013.12,90098,R,1,0,1,0,0,0,0,0,0,0,0,0,1,0,0,0,0,1,0
69,2014.03,90413,R,1,0,1,0,0,0,0,0,0,0,0,0,1,0,0,0,0,1,0
70,2014.06,90029,R,1,0,1,0,0,0,0,0,0,0,0,0,1,0,0,0,0,1,0
71,2014.09,91075,R,1,0,1,0,0,0,0,0,0,0,0,0,1,0,0,0,0,1,0
72,2014.12,91007,R,1,0,1,0,0,0,0,0,0,0,0,0,1,0,0,0,0,1,0
73,2015.03,91515,R,1,0,1,0,0,0,0,0,0,0,0,0,1,0,0,0,0,1,0
74,2015.06,92019,R,1,0,1,0,0,0,0,0,0,0,0,0,1,0,0,0,0,1,0
75,2015.09,91355,R,1,0,1,0,0,0,0,0,0,0,0,0,1,0,0,0,0,1,0
76,2015.12,92546,R,1,0,1,0,0,0,0,0,0,0,0,0,1,0,0,0,0,1,0
77,2016.03,92748,R,1,0,1,0,0,0,0,0,0,0,0,0,1,0,0,0,0,1,0
78,2016.06,92576,R,1,0,1,0,0,0,0,0,0,0,0,0,1,0,0,0,0,1,0
79,2016.09,92920,R,1,0,1,0,0,0,0,0,0,0,0,0,1,0,0,0,0,1,0
80,2016.12,92189,R,1,0,1,0,0,0,0,0,0,0,0,0,1,0,0,0,0,1,0
81,2017.03,92657,R,1,0,1,0,0,0,0,0,0,0,0,0,1,0,0,0,0,1,0
82,2017.06,94320,R,1,0,1,0,0,0,0,0,0,0,0,0,1,0,0,0,0,1,0
83,2017.09,94201,R,1,0,1,0,0,0,0,0,0,0,0,0,1,0,0,0,0,1,0
84,2017.12,94258,R,1,0,1,0,0,0,0,0,0,0,0,0,1,0,0,0,0,1,0
85,2018.03,94944,R,1,0,1,0,0,0,0,0,0,0,0,0,1,0,0,0,0,1,0
86,2018.06,94735,R,1,0,1,0,0,0,0,0,0,0,0,0,1,0,0,0,0,1,0
87,2018.09,93701,R,1,0,1,0,0,0,0,0,0,0,0,0,1,0,0,0,0,1,0
88,2018.12,95345,R,1,0,1,0,0,0,0,0,0,0,0,0,1,0,0,0,0,1,0
89,2019.03,96205,R,1,0,1,0,0,0,0,0,0,0,0,0,1,0,0,0,0,1,0
90,2019.06,94949,R,1,0,1,0,0,0,0,0,0,0,0,0,1,0,0,0,0,1,0
91,2019.09,94336,R,1,0,1,0,0,0,0,0,0,0,0,0,1,0,0,0,0,1,0
92,2019.12,95431,R,1,0,1,0,0,0,0,0,0,0,0,0,1,0,0,0,0,1,0
93,2020.03,95827,R,1,0,1,0,0,0,0,0,0,0,0,0,1,0,0,0,0,1,0
94,2020.06,97448,R,1,0,1,0,0,0,0,0,0,0,0,0,1,0,0,0,0,1,0
95,2020.09,99657,R,1,0,1,0,0,0,0,0,0,0,0,0,1,0,0,0,0,1,0
96,2020.12,98469,R,1,0,1,0,0,0,0,0,0,0,0,0,1,0,0,0,0,1,0
97,2021.03,97449,R,1,0,1,0,0,0,0,0,0,0,0,0,1,0,0,0,0,1,0
98,2021.06,97336,R,1,0,1,0,0,0,0,0,0,0,0,0,1,0,0,0,0,1,0
99,2021.09,97770,R,1,0,1,0,0,0,0,0,0,0,0,0,1,0,0,0,0,1,0
100,2021.12,98027,R,1,0,1,0,0,0,0,0,0,0,0,0,1,0,0,0,0,1,0
101,2022.03,96949,R,1,0,1,0,0,0,0,0,0,0,0,0,1,0,0,0,0,1,0
102,2022.06,98367,R,1,0,1,0,0,0,0,0,0,0,0,0,1,0,0,0,0,1,0
103,2022.09,96900,R,1,0,1,0,0,0,0,0,0,0,0,0,1,0,0,0,0,1,0
104,2022.12,95144,R,1,0,1,0,0,0,0,0,0,0,0,0,1,0,0,0,0,1,0
105,2023.03,94746,R,1,0,1,0,0,0,0,0,0,0,0,0,1,0,0,0,0,1,0
106,2023.06,95929,R,1,0,1,0,0,0,0,0,0,0,0,0,1,0,0,0,0,1,0
107,2023.09,95870,R,1,0,1,0,0,0,0,0,0,0,0,0,1,0,0,0,0,1,0
108,2023.12,96018,R,1,0,1,0,0,0,0,0,0,0,0,0,1,0,0,0,0,1,0
109,2024.03,96323,R,1,0,1,0,0,0,0,0,0,0,0,0,1,0,0,0,0,1,0
110,2024.06,95434,R,1,0,1,0,0,0,0,0,0,0,0,0,1,0,0,0,0,1,0
111,2024.09,95298,R,1,0,1,0,0,0,0,0,0,0,0,0,1,0,0,0,0,1,0
112,2024.12,95739,R,1,0,1,0,0,0,0,0,0,0,0,0,1,0,0,0,0,1,0
113,2025.03,95575,R,1,0,1,0,0,0,0,0,0,0,0,0,1,0,0,0,0,1,0
114,2025.06,95631,R,1,0,1,0,0,0,0,0,0,0,0,0,1,0,0,0,0,1,0
115,2025.09,96071,F,0,0,1,0,0,0,0,0,0,0,0,0,1,0,0,0,0,1,0
116,2011.06,83962,R,1,0,0,1,0,0,0,0,0,0,0,0,1,0,0,0,0,0,1
117,2011.09,83978,R,1,0,0,1,0,0,0,0,0,0,0,0,1,0,0,0,0,0,1
118,2011.12,83924,R,1,0,0,1,0,0,0,0,0,0,0,0,1,0,0,0,0,0,1
119,2012.03,84528,R,1,0,0,1,0,0,0,0,0,0,0,0,1,0,0,0,0,0,1
120,2012.06,85382,R,1,0,0,1,0,0,0,0,0,0,0,0,1,0,0,0,0,0,1
121,2012.09,85195,R,1,0,0,1,0,0,0,0,0,0,0,0,1,0,0,0,0,0,1
122,2012.12,84662,R,1,0,0,1,0,0,0,0,0,0,0,0,1,0,0,0,0,0,1
123,2013.03,84853,R,1,0,0,1,0,0,0,0,0,0,0,0,1,0,0,0,0,0,1
124,2013.06,85867,R,1,0,0,1,0,0,0,0,0,0,0,0,1,0,0,0,0,0,1
125,2013.09,87821,R,1,0,0,1,0,0,0,0,0,0,0,0,1,0,0,0,0,0,1
126,2013.12,89828,R,1,0,0,1,0,0,0,0,0,0,0,0,1,0,0,0,0,0,1
127,2014.03,90363,R,1,0,0,1,0,0,0,0,0,0,0,0,1,0,0,0,0,0,1
128,2014.06,90388,R,1,0,0,1,0,0,0,0,0,0,0,0,1,0,0,0,0,0,1
129,2014.09,90773,R,1,0,0,1,0,0,0,0,0,0,0,0,1,0,0,0,0,0,1
130,2014.12,91172,R,1,0,0,1,0,0,0,0,0,0,0,0,1,0,0,0,0,0,1
131,2015.03,91558,R,1,0,0,1,0,0,0,0,0,0,0,0,1,0,0,0,0,0,1
132,2015.06,91713,R,1,0,0,1,0,0,0,0,0,0,0,0,1,0,0,0,0,0,1
133,2015.09,91788,R,1,0,0,1,0,0,0,0,0,0,0,0,1,0,0,0,0,0,1
134,2015.12,92293,R,1,0,0,1,0,0,0,0,0,0,0,0,1,0,0,0,0,0,1
135,2016.03,92727,R,1,0,0,1,0,0,0,0,0,0,0,0,1,0,0,0,0,0,1
136,2016.06,92758,R,1,0,0,1,0,0,0,0,0,0,0,0,1,0,0,0,0,0,1
137,2016.09,92636,R,1,0,0,1,0,0,0,0,0,0,0,0,1,0,0,0,0,0,1
138,2016.12,92356,R,1,0,0,1,0,0,0,0,0,0,0,0,1,0,0,0,0,0,1
139,2017.03,92875,R,1,0,0,1,0,0,0,0,0,0,0,0,1,0,0,0,0,0,1
140,2017.06,93957,R,1,0,0,1,0,0,0,0,0,0,0,0,1,0,0,0,0,0,1
141,2017.09,94311,R,1,0,0,1,0,0,0,0,0,0,0,0,1,0,0,0,0,0,1
142,2017.12,94403,R,1,0,0,1,0,0,0,0,0,0,0,0,1,0,0,0,0,0,1
143,2018.03,94794,R,1,0,0,1,0,0,0,0,0,0,0,0,1,0,0,0,0,0,1
144,2018.06,94615,R,1,0,0,1,0,0,0,0,0,0,0,0,1,0,0,0,0,0,1
145,2018.09,94464,R,1,0,0,1,0,0,0,0,0,0,0,0,1,0,0,0,0,0,1
146,2018.12,95321,R,1,0,0,1,0,0,0,0,0,0,0,0,1,0,0,0,0,0,1
147,2019.03,95872,R,1,0,0,1,0,0,0,0,0,0,0,0,1,0,0,0,0,0,1
148,2019.06,95074,R,1,0,0,1,0,0,0,0,0,0,0,0,1,0,0,0,0,0,1
149,2019.09,94591,R,1,0,0,1,0,0,0,0,0,0,0,0,1,0,0,0,0,0,1
150,2019.12,95113,R,1,0,0,1,0,0,0,0,0,0,0,0,1,0,0,0,0,0,1
151,2020.03,96021,R,1,0,0,1,0,0,0,0,0,0,0,0,1,0,0,0,0,0,1
152,2020.06,97669,R,1,0,0,1,0,0,0,0,0,0,0,0,1,0,0,0,0,0,1
153,2020.09,99055,R,1,0,0,1,0,0,0,0,0,0,0,0,1,0,0,0,0,0,1
154,2020.12,98652,R,1,0,0,1,0,0,0,0,0,0,0,0,1,0,0,0,0,0,1
155,2021.03,97536,R,1,0,0,1,0,0,0,0,0,0,0,0,1,0,0,0,0,0,1
156,2021.06,97363,R,1,0,0,1,0,0,0,0,0,0,0,0,1,0,0,0,0,0,1
157,2021.09,97707,R,1,0,0,1,0,0,0,0,0,0,0,0,1,0,0,0,0,0,1
158,2021.12,98042,R,1,0,0,1,0,0,0,0,0,0,0,0,1,0,0,0,0,0,1
159,2022.03,98351,R,1,0,0,1,0,0,0,0,0,0,0,0,1,0,0,0,0,0,1
160,2022.06,98162,R,1,0,0,1,0,0,0,0,0,0,0,0,1,0,0,0,0,0,1
161,2022.09,96874,R,1,0,0,1,0,0,0,0,0,0,0,0,1,0,0,0,0,0,1
162,2022.12,95251,R,1,0,0,1,0,0,0,0,0,0,0,0,1,0,0,0,0,0,1
163,2023.03,94959,R,1,0,0,1,0,0,0,0,0,0,0,0,1,0,0,0,0,0,1
164,2023.06,95596,R,1,0,0,1,0,0,0,0,0,0,0,0,1,0,0,0,0,0,1
165,2023.09,95970,R,1,0,0,1,0,0,0,0,0,0,0,0,1,0,0,0,0,0,1
166,2023.12,96116,R,1,0,0,1,0,0,0,0,0,0,0,0,1,0,0,0,0,0,1
167,2024.03,96081,R,1,0,0,1,0,0,0,0,0,0,0,0,1,0,0,0,0,0,1
168,2024.06,95590,R,1,0,0,1,0,0,0,0,0,0,0,0,1,0,0,0,0,0,1
169,2024.09,95372,R,1,0,0,1,0,0,0,0,0,0,0,0,1,0,0,0,0,0,1
170,2024.12,95592,R,1,0,0,1,0,0,0,0,0,0,0,0,1,0,0,0,0,0,1
171,2025.03,95624,R,1,0,0,1,0,0,0,0,0,0,0,0,1,0,0,0,0,0,1
172,2025.06,95711,R,1,0,0,1,0,0,0,0,0,0,0,0,1,0,0,0,0,0,1
173,2025.09,95964,F,0,0,0,1,0,0,0,0,0,0,0,0,1,0,0,0,0,0,1
174,2011.06,5234,F,0,0,0,0,1,0,0,0,0,0,0,0,0,0,0,1,1,0,0
175,2011.09,5268,F,0,0,0,0,1,0,0,0,0,0,0,0,0,0,0,1,1,0,0
176,2011.12,5499,F,0,0,0,0,1,0,0,0,0,0,0,0,0,0,0,1,1,0,0
177,2012.03,5811,F,0,0,0,0,1,0,0,0,0,0,0,0,0,0,0,1,1,0,0
178,2012.06,5847,F,0,0,0,0,1,0,0,0,0,0,0,0,0,0,0,1,1,0,0
179,2012.09,5922,F,0,0,0,0,1,0,0,0,0,0,0,0,0,0,0,1,1,0,0
180,2012.12,5722,F,0,0,0,0,1,0,0,0,0,0,0,0,0,0,0,1,1,0,0
181,2013.03,5487,F,0,0,0,0,1,0,0,0,0,0,0,0,0,0,0,1,1,0,0
182,2013.06,5506,F,0,0,0,0,1,0,0,0,0,0,0,0,0,0,0,1,1,0,0
183,2013.09,5540,F,0,0,0,0,1,0,0,0,0,0,0,0,0,0,0,1,1,0,0
184,2013.12,5492,F,0,0,0,0,1,0,0,0,0,0,0,0,0,0,0,1,1,0,0
185,2014.03,6004,F,0,0,0,0,1,0,0,0,0,0,0,0,0,0,0,1,1,0,0
186,2014.06,5886,F,0,0,0,0,1,0,0,0,0,0,0,0,0,0,0,1,1,0,0
187,2014.09,5815,F,0,0,0,0,1,0,0,0,0,0,0,0,0,0,0,1,1,0,0
188,2014.12,5592,F,0,0,0,0,1,0,0,0,0,0,0,0,0,0,0,1,1,0,0
189,2015.03,5300,F,0,0,0,0,1,0,0,0,0,0,0,0,0,0,0,1,1,0,0
190,2015.06,5422,F,0,0,0,0,1,0,0,0,0,0,0,0,0,0,0,1,1,0,0
191,2015.09,5199,F,0,0,0,0,1,0,0,0,0,0,0,0,0,0,0,1,1,0,0
192,2015.12,5060,F,0,0,0,0,1,0,0,0,0,0,0,0,0,0,0,1,1,0,0
193,2016.03,5194,F,0,0,0,0,1,0,0,0,0,0,0,0,0,0,0,1,1,0,0
194,2016.06,5080,F,0,0,0,0,1,0,0,0,0,0,0,0,0,0,0,1,1,0,0
195,2016.09,5129,F,0,0,0,0,1,0,0,0,0,0,0,0,0,0,0,1,1,0,0
196,2016.12,5157,F,0,0,0,0,1,0,0,0,0,0,0,0,0,0,0,1,1,0,0
197,2017.03,5264,F,0,0,0,0,1,0,0,0,0,0,0,0,0,0,0,1,1,0,0
198,2017.06,5164,F,0,0,0,0,1,0,0,0,0,0,0,0,0,0,0,1,1,0,0
199,2017.09,5208,F,0,0,0,0,1,0,0,0,0,0,0,0,0,0,0,1,1,0,0
200,2017.12,5381,F,0,0,0,0,1,0,0,0,0,0,0,0,0,0,0,1,1,0,0
201,2018.03,5370,F,0,0,0,0,1,0,0,0,0,0,0,0,0,0,0,1,1,0,0
202,2018.06,5385,F,0,0,0,0,1,0,0,0,0,0,0,0,0,0,0,1,1,0,0
203,2018.09,5461,F,0,0,0,0,1,0,0,0,0,0,0,0,0,0,0,1,1,0,0
204,2018.12,5434,F,0,0,0,0,1,0,0,0,0,0,0,0,0,0,0,1,1,0,0
205,2019.03,5437,F,0,0,0,0,1,0,0,0,0,0,0,0,0,0,0,1,1,0,0
206,2019.06,5068,F,0,0,0,0,1,0,0,0,0,0,0,0,0,0,0,1,1,0,0
207,2019.09,5370,F,0,0,0,0,1,0,0,0,0,0,0,0,0,0,0,1,1,0,0
208,2019.12,5165,F,0,0,0,0,1,0,0,0,0,0,0,0,0,0,0,1,1,0,0
209,2020.03,5267,F,0,0,0,0,1,0,0,0,0,0,0,0,0,0,0,1,1,0,0
210,2020.06,5245,F,0,0,0,0,1,0,0,0,0,0,0,0,0,0,0,1,1,0,0
211,2020.09,5355,F,0,0,0,0,1,0,0,0,0,0,0,0,0,0,0,1,1,0,0
212,2020.12,5295,F,0,0,0,0,1,0,0,0,0,0,0,0,0,0,0,1,1,0,0
213,2021.03,5384,F,0,0,0,0,1,0,0,0,0,0,0,0,0,0,0,1,1,0,0
214,2021.06,5353,F,0,0,0,0,1,0,0,0,0,0,0,0,0,0,0,1,1,0,0
215,2021.09,5354,F,0,0,0,0,1,0,0,0,0,0,0,0,0,0,0,1,1,0,0
216,2021.12,5410,F,0,0,0,0,1,0,0,0,0,0,0,0,0,0,0,1,1,0,0
217,2022.03,5427,F,0,0,0,0,1,0,0,0,0,0,0,0,0,0,0,1,1,0,0
218,2022.06,5548,F,0,0,0,0,1,0,0,0,0,0,0,0,0,0,0,1,1,0,0
219,2022.09,5490,F,0,0,0,0,1,0,0,0,0,0,0,0,0,0,0,1,1,0,0
220,2022.12,5653,F,0,0,0,0,1,0,0,0,0,0,0,0,0,0,0,1,1,0,0
221,2023.03,5717,F,0,0,0,0,1,0,0,0,0,0,0,0,0,0,0,1,1,0,0
222,2023.06,5874,F,0,0,0,0,1,0,0,0,0,0,0,0,0,0,0,1,1,0,0
223,2023.09,5803,F,0,0,0,0,1,0,0,0,0,0,0,0,0,0,0,1,1,0,0
224,2023.12,5791,F,0,0,0,0,1,0,0,0,0,0,0,0,0,0,0,1,1,0,0
225,2024.03,5845,F,0,0,0,0,1,0,0,0,0,0,0,0,0,0,0,1,1,0,0
226,2024.06,5995,F,0,0,0,0,1,0,0,0,0,0,0,0,0,0,0,1,1,0,0
227,2024.09,5934,F,0,0,0,0,1,0,0,0,0,0,0,0,0,0,0,1,1,0,0
228,2024.12,5975,F,0,0,0,0,1,0,0,0,0,0,0,0,0,0,0,1,1,0,0
229,2025.03,6062,F,0,0,0,0,1,0,0,0,0,0,0,0,0,0,0,1,1,0,0
230,2025.06,6106,F,0,0,0,0,1,0,0,0,0,0,0,0,0,0,0,1,1,0,0
231,2025.09,6095,R,1,0,0,0,1,0,0,0,0,0,0,0,0,0,0,1,1,0,0
232,2011.06,5234,R,1,0,0,0,0,1,0,0,0,0,0,0,0,0,0,1,0,1,0
233,2011.09,5268,R,1,0,0,0,0,1,0,0,0,0,0,0,0,0,0,1,0,1,0
234,2011.12,5499,R,1,0,0,0,0,1,0,0,0,0,0,0,0,0,0,1,0,1,0
235,2012.03,5811,R,1,0,0,0,0,1,0,0,0,0,0,0,0,0,0,1,0,1,0
236,2012.06,5847,R,1,0,0,0,0,1,0,0,0,0,0,0,0,0,0,1,0,1,0
237,2012.09,5922,R,1,0,0,0,0,1,0,0,0,0,0,0,0,0,0,1,0,1,0
238,2012.12,5722,R,1,0,0,0,0,1,0,0,0,0,0,0,0,0,0,1,0,1,0
239,2013.03,5487,R,1,0,0,0,0,1,0,0,0,0,0,0,0,0,0,1,0,1,0
240,2013.06,5506,R,1,0,0,0,0,1,0,0,0,0,0,0,0,0,0,1,0,1,0
241,2013.09,5540,R,1,0,0,0,0,1,0,0,0,0,0,0,0,0,0,1,0,1,0
242,2013.12,5492,R,1,0,0,0,0,1,0,0,0,0,0,0,0,0,0,1,0,1,0
243,2014.03,6004,R,1,0,0,0,0,1,0,0,0,0,0,0,0,0,0,1,0,1,0
244,2014.06,5886,R,1,0,0,0,0,1,0,0,0,0,0,0,0,0,0,1,0,1,0
245,2014.09,5815,R,1,0,0,0,0,1,0,0,0,0,0,0,0,0,0,1,0,1,0
246,2014.12,5592,R,1,0,0,0,0,1,0,0,0,0,0,0,0,0,0,1,0,1,0
247,2015.03,5300,R,1,0,0,0,0,1,0,0,0,0,0,0,0,0,0,1,0,1,0
248,2015.06,5422,R,1,0,0,0,0,1,0,0,0,0,0,0,0,0,0,1,0,1,0
249,2015.09,5199,R,1,0,0,0,0,1,0,0,0,0,0,0,0,0,0,1,0,1,0
250,2015.12,5060,R,1,0,0,0,0,1,0,0,0,0,0,0,0,0,0,1,0,1,0
251,2016.03,5194,R,1,0,0,0,0,1,0,0,0,0,0,0,0,0,0,1,0,1,0
252,2016.06,5080,R,1,0,0,0,0,1,0,0,0,0,0,0,0,0,0,1,0,1,0
253,2016.09,5129,R,1,0,0,0,0,1,0,0,0,0,0,0,0,0,0,1,0,1,0
254,2016.12,5157,R,1,0,0,0,0,1,0,0,0,0,0,0,0,0,0,1,0,1,0
255,2017.03,5264,R,1,0,0,0,0,1,0,0,0,0,0,0,0,0,0,1,0,1,0
256,2017.06,5164,R,1,0,0,0,0,1,0,0,0,0,0,0,0,0,0,1,0,1,0
257,2017.09,5208,R,1,0,0,0,0,1,0,0,0,0,0,0,0,0,0,1,0,1,0
258,2017.12,5381,R,1,0,0,0,0,1,0,0,0,0,0,0,0,0,0,1,0,1,0
259,2018.03,5370,R,1,0,0,0,0,1,0,0,0,0,0,0,0,0,0,1,0,1,0
260,2018.06,5385,R,1,0,0,0,0,1,0,0,0,0,0,0,0,0,0,1,0,1,0
261,2018.09,5461,R,1,0,0,0,0,1,0,0,0,0,0,0,0,0,0,1,0,1,0
262,2018.12,5434,R,1,0,0,0,0,1,0,0,0,0,0,0,0,0,0,1,0,1,0
263,2019.03,5437,R,1,0,0,0,0,1,0,0,0,0,0,0,0,0,0,1,0,1,0
264,2019.06,5068,R,1,0,0,0,0,1,0,0,0,0,0,0,0,0,0,1,0,1,0
265,2019.09,5370,R,1,0,0,0,0,1,0,0,0,0,0,0,0,0,0,1,0,1,0
266,2019.12,5165,R,1,0,0,0,0,1,0,0,0,0,0,0,0,0,0,1,0,1,0
267,2020.03,5267,R,1,0,0,0,0,1,0,0,0,0,0,0,0,0,0,1,0,1,0
268,2020.06,5245,R,1,0,0,0,0,1,0,0,0,0,0,0,0,0,0,1,0,1,0
269,2020.09,5355,R,1,0,0,0,0,1,0,0,0,0,0,0,0,0,0,1,0,1,0
270,2020.12,5295,R,1,0,0,0,0,1,0,0,0,0,0,0,0,0,0,1,0,1,0
271,2021.03,5384,R,1,0,0,0,0,1,0,0,0,0,0,0,0,0,0,1,0,1,0
272,2021.06,5353,R,1,0,0,0,0,1,0,0,0,0,0,0,0,0,0,1,0,1,0
273,2021.09,5354,R,1,0,0,0,0,1,0,0,0,0,0,0,0,0,0,1,0,1,0
274,2021.12,5410,R,1,0,0,0,0,1,0,0,0,0,0,0,0,0,0,1,0,1,0
275,2022.03,5427,R,1,0,0,0,0,1,0,0,0,0,0,0,0,0,0,1,0,1,0
276,2022.06,5548,R,1,0,0,0,0,1,0,0,0,0,0,0,0,0,0,1,0,1,0
277,2022.09,5490,R,1,0,0,0,0,1,0,0,0,0,0,0,0,0,0,1,0,1,0
278,2022.12,5653,R,1,0,0,0,0,1,0,0,0,0,0,0,0,0,0,1,0,1,0
279,2023.03,5717,R,1,0,0,0,0,1,0,0,0,0,0,0,0,0,0,1,0,1,0
280,2023.06,5874,R,1,0,0,0,0,1,0,0,0,0,0,0,0,0,0,1,0,1,0
281,2023.09,5803,R,1,0,0,0,0,1,0,0,0,0,0,0,0,0,0,1,0,1,0
282,2023.12,5791,R,1,0,0,0,0,1,0,0,0,0,0,0,0,0,0,1,0,1,0
283,2024.03,5845,R,1,0,0,0,0,1,0,0,0,0,0,0,0,0,0,1,0,1,0
284,2024.06,5995,R,1,0,0,0,0,1,0,0,0,0,0,0,0,0,0,1,0,1,0
285,2024.09,5934,R,1,0,0,0,0,1,0,0,0,0,0,0,0,0,0,1,0,1,0
286,2024.12,5975,R,1,0,0,0,0,1,0,0,0,0,0,0,0,0,0,1,0,1,0
287,2025.03,6062,R,1,0,0,0,0,1,0,0,0,0,0,0,0,0,0,1,0,1,0
288,2025.06,6106,R,1,0,0,0,0,1,0,0,0,0,0,0,0,0,0,1,0,1,0
289,2025.09,6095,F,0,0,0,0,0,1,0,0,0,0,0,0,0,0,0,1,0,1,0
290,2011.06,5198,R,1,0,0,0,0,0,1,0,0,0,0,0,0,0,0,1,0,0,1
291,2011.09,5309,R,1,0,0,0,0,0,1,0,0,0,0,0,0,0,0,1,0,0,1
292,2011.12,5517,R,1,0,0,0,0,0,1,0,0,0,0,0,0,0,0,1,0,0,1
293,2012.03,5761,R,1,0,0,0,0,0,1,0,0,0,0,0,0,0,0,1,0,0,1
294,2012.06,5893,R,1,0,0,0,0,0,1,0,0,0,0,0,0,0,0,1,0,0,1
295,2012.09,5881,R,1,0,0,0,0,0,1,0,0,0,0,0,0,0,0,1,0,0,1
296,2012.12,5718,R,1,0,0,0,0,0,1,0,0,0,0,0,0,0,0,1,0,0,1
297,2013.03,5526,R,1,0,0,0,0,0,1,0,0,0,0,0,0,0,0,1,0,0,1
298,2013.06,5494,R,1,0,0,0,0,0,1,0,0,0,0,0,0,0,0,1,0,0,1
299,2013.09,5492,R,1,0,0,0,0,0,1,0,0,0,0,0,0,0,0,1,0,0,1
300,2013.12,5637,R,1,0,0,0,0,0,1,0,0,0,0,0,0,0,0,1,0,0,1
301,2014.03,5873,R,1,0,0,0,0,0,1,0,0,0,0,0,0,0,0,1,0,0,1
302,2014.06,5949,R,1,0,0,0,0,0,1,0,0,0,0,0,0,0,0,1,0,0,1
303,2014.09,5790,R,1,0,0,0,0,0,1,0,0,0,0,0,0,0,0,1,0,0,1
304,2014.12,5580,R,1,0,0,0,0,0,1,0,0,0,0,0,0,0,0,1,0,0,1
305,2015.03,5425,R,1,0,0,0,0,0,1,0,0,0,0,0,0,0,0,1,0,0,1
306,2015.06,5352,R,1,0,0,0,0,0,1,0,0,0,0,0,0,0,0,1,0,0,1
307,2015.09,5212,R,1,0,0,0,0,0,1,0,0,0,0,0,0,0,0,1,0,0,1
308,2015.12,5112,R,1,0,0,0,0,0,1,0,0,0,0,0,0,0,0,1,0,0,1
309,2016.03,5126,R,1,0,0,0,0,0,1,0,0,0,0,0,0,0,0,1,0,0,1
310,2016.06,5124,R,1,0,0,0,0,0,1,0,0,0,0,0,0,0,0,1,0,0,1
311,2016.09,5108,R,1,0,0,0,0,0,1,0,0,0,0,0,0,0,0,1,0,0,1
312,2016.12,5185,R,1,0,0,0,0,0,1,0,0,0,0,0,0,0,0,1,0,0,1
313,2017.03,5217,R,1,0,0,0,0,0,1,0,0,0,0,0,0,0,0,1,0,0,1
314,2017.06,5191,R,1,0,0,0,0,0,1,0,0,0,0,0,0,0,0,1,0,0,1
315,2017.09,5230,R,1,0,0,0,0,0,1,0,0,0,0,0,0,0,0,1,0,0,1
316,2017.12,5343,R,1,0,0,0,0,0,1,0,0,0,0,0,0,0,0,1,0,0,1
317,2018.03,5383,R,1,0,0,0,0,0,1,0,0,0,0,0,0,0,0,1,0,0,1
318,2018.06,5400,R,1,0,0,0,0,0,1,0,0,0,0,0,0,0,0,1,0,0,1
319,2018.09,5439,R,1,0,0,0,0,0,1,0,0,0,0,0,0,0,0,1,0,0,1
320,2018.12,5461,R,1,0,0,0,0,0,1,0,0,0,0,0,0,0,0,1,0,0,1
321,2019.03,5391,R,1,0,0,0,0,0,1,0,0,0,0,0,0,0,0,1,0,0,1
322,2019.06,5282,R,1,0,0,0,0,0,1,0,0,0,0,0,0,0,0,1,0,0,1
323,2019.09,5191,R,1,0,0,0,0,0,1,0,0,0,0,0,0,0,0,1,0,0,1
324,2019.12,5201,R,1,0,0,0,0,0,1,0,0,0,0,0,0,0,0,1,0,0,1
325,2020.03,5228,R,1,0,0,0,0,0,1,0,0,0,0,0,0,0,0,1,0,0,1
326,2020.06,5286,R,1,0,0,0,0,0,1,0,0,0,0,0,0,0,0,1,0,0,1
327,2020.09,5309,R,1,0,0,0,0,0,1,0,0,0,0,0,0,0,0,1,0,0,1
328,2020.12,5338,R,1,0,0,0,0,0,1,0,0,0,0,0,0,0,0,1,0,0,1
329,2021.03,5353,R,1,0,0,0,0,0,1,0,0,0,0,0,0,0,0,1,0,0,1
330,2021.06,5363,R,1,0,0,0,0,0,1,0,0,0,0,0,0,0,0,1,0,0,1
331,2021.09,5363,R,1,0,0,0,0,0,1,0,0,0,0,0,0,0,0,1,0,0,1
332,2021.12,5393,R,1,0,0,0,0,0,1,0,0,0,0,0,0,0,0,1,0,0,1
333,2022.03,5458,R,1,0,0,0,0,0,1,0,0,0,0,0,0,0,0,1,0,0,1
334,2022.06,5501,R,1,0,0,0,0,0,1,0,0,0,0,0,0,0,0,1,0,0,1
335,2022.09,5549,R,1,0,0,0,0,0,1,0,0,0,0,0,0,0,0,1,0,0,1
336,2022.12,5619,R,1,0,0,0,0,0,1,0,0,0,0,0,0,0,0,1,0,0,1
337,2023.03,5754,R,1,0,0,0,0,0,1,0,0,0,0,0,0,0,0,1,0,0,1
338,2023.06,5830,R,1,0,0,0,0,0,1,0,0,0,0,0,0,0,0,1,0,0,1
339,2023.09,5824,R,1,0,0,0,0,0,1,0,0,0,0,0,0,0,0,1,0,0,1
340,2023.12,5789,R,1,0,0,0,0,0,1,0,0,0,0,0,0,0,0,1,0,0,1
341,2024.03,5870,R,1,0,0,0,0,0,1,0,0,0,0,0,0,0,0,1,0,0,1
342,2024.06,5950,R,1,0,0,0,0,0,1,0,0,0,0,0,0,0,0,1,0,0,1
343,2024.09,5961,R,1,0,0,0,0,0,1,0,0,0,0,0,0,0,0,1,0,0,1
344,2024.12,5977,R,1,0,0,0,0,0,1,0,0,0,0,0,0,0,0,1,0,0,1
345,2025.03,6056,R,1,0,0,0,0,0,1,0,0,0,0,0,0,0,0,1,0,0,1
346,2025.06,6101,R,1,0,0,0,0,0,1,0,0,0,0,0,0,0,0,1,0,0,1
347,2025.09,6092,F,0,0,0,0,0,0,1,0,0,0,0,0,0,0,0,1,0,0,1
348,2011.06,206633,F,0,0,0,0,0,0,0,1,0,0,0,0,0,0,1,0,1,0,0
349,2011.09,200677,F,0,0,0,0,0,0,0,1,0,0,0,0,0,0,1,0,1,0,0
350,2011.12,204217,F,0,0,0,0,0,0,0,1,0,0,0,0,0,0,1,0,1,0,0
351,2012.03,208617,F,0,0,0,0,0,0,0,1,0,0,0,0,0,0,1,0,1,0,0
352,2012.06,206645,F,0,0,0,0,0,0,0,1,0,0,0,0,0,0,1,0,1,0,0
353,2012.09,199425,F,0,0,0,0,0,0,0,1,0,0,0,0,0,0,1,0,1,0,0
354,2012.12,203691,F,0,0,0,0,0,0,0,1,0,0,0,0,0,0,1,0,1,0,0
355,2013.03,208709,F,0,0,0,0,0,0,0,1,0,0,0,0,0,0,1,0,1,0,0
356,2013.06,205207,F,0,0,0,0,0,0,0,1,0,0,0,0,0,0,1,0,1,0,0
357,2013.09,201457,F,0,0,0,0,0,0,0,1,0,0,0,0,0,0,1,0,1,0,0
358,2013.12,207492,F,0,0,0,0,0,0,0,1,0,0,0,0,0,0,1,0,1,0,0
359,2014.03,211991,F,0,0,0,0,0,0,0,1,0,0,0,0,0,0,1,0,1,0,0
360,2014.06,210124,F,0,0,0,0,0,0,0,1,0,0,0,0,0,0,1,0,1,0,0
361,2014.09,205440,F,0,0,0,0,0,0,0,1,0,0,0,0,0,0,1,0,1,0,0
362,2014.12,207594,F,0,0,0,0,0,0,0,1,0,0,0,0,0,0,1,0,1,0,0
363,2015.03,214158,F,0,0,0,0,0,0,0,1,0,0,0,0,0,0,1,0,1,0,0
364,2015.06,212246,F,0,0,0,0,0,0,0,1,0,0,0,0,0,0,1,0,1,0,0
365,2015.09,207462,F,0,0,0,0,0,0,0,1,0,0,0,0,0,0,1,0,1,0,0
366,2015.12,211402,F,0,0,0,0,0,0,0,1,0,0,0,0,0,0,1,0,1,0,0
367,2016.03,216597,F,0,0,0,0,0,0,0,1,0,0,0,0,0,0,1,0,1,0,0
368,2016.06,214710,F,0,0,0,0,0,0,0,1,0,0,0,0,0,0,1,0,1,0,0
369,2016.09,209854,F,0,0,0,0,0,0,0,1,0,0,0,0,0,0,1,0,1,0,0
370,2016.12,215317,F,0,0,0,0,0,0,0,1,0,0,0,0,0,0,1,0,1,0,0
371,2017.03,219090,F,0,0,0,0,0,0,0,1,0,0,0,0,0,0,1,0,1,0,0
372,2017.06,219130,F,0,0,0,0,0,0,0,1,0,0,0,0,0,0,1,0,1,0,0
373,2017.09,213648,F,0,0,0,0,0,0,0,1,0,0,0,0,0,0,1,0,1,0,0
374,2017.12,220066,F,0,0,0,0,0,0,0,1,0,0,0,0,0,0,1,0,1,0,0
375,2018.03,225445,F,0,0,0,0,0,0,0,1,0,0,0,0,0,0,1,0,1,0,0
376,2018.06,224308,F,0,0,0,0,0,0,0,1,0,0,0,0,0,0,1,0,1,0,0
377,2018.09,218059,F,0,0,0,0,0,0,0,1,0,0,0,0,0,0,1,0,1,0,0
378,2018.12,223667,F,0,0,0,0,0,0,0,1,0,0,0,0,0,0,1,0,1,0,0
379,2019.03,227931,F,0,0,0,0,0,0,0,1,0,0,0,0,0,0,1,0,1,0,0
380,2019.06,225492,F,0,0,0,0,0,0,0,1,0,0,0,0,0,0,1,0,1,0,0
381,2019.09,219991,F,0,0,0,0,0,0,0,1,0,0,0,0,0,0,1,0,1,0,0
382,2019.12,227095,F,0,0,0,0,0,0,0,1,0,0,0,0,0,0,1,0,1,0,0
383,2020.03,228672,F,0,0,0,0,0,0,0,1,0,0,0,0,0,0,1,0,1,0,0
384,2020.06,224825,F,0,0,0,0,0,0,0,1,0,0,0,0,0,0,1,0,1,0,0
385,2020.09,218967,F,0,0,0,0,0,0,0,1,0,0,0,0,0,0,1,0,1,0,0
386,2020.12,222691,F,0,0,0,0,0,0,0,1,0,0,0,0,0,0,1,0,1,0,0
387,2021.03,223355,F,0,0,0,0,0,0,0,1,0,0,0,0,0,0,1,0,1,0,0
388,2021.06,224296,F,0,0,0,0,0,0,0,1,0,0,0,0,0,0,1,0,1,0,0
389,2021.09,221282,F,0,0,0,0,0,0,0,1,0,0,0,0,0,0,1,0,1,0,0
390,2021.12,226109,F,0,0,0,0,0,0,0,1,0,0,0,0,0,0,1,0,1,0,0
391,2022.03,228608,F,0,0,0,0,0,0,0,1,0,0,0,0,0,0,1,0,1,0,0
392,2022.06,226870,F,0,0,0,0,0,0,0,1,0,0,0,0,0,0,1,0,1,0,0
393,2022.09,224994,F,0,0,0,0,0,0,0,1,0,0,0,0,0,0,1,0,1,0,0
394,2022.12,229708,F,0,0,0,0,0,0,0,1,0,0,0,0,0,0,1,0,1,0,0
395,2023.03,232496,F,0,0,0,0,0,0,0,1,0,0,0,0,0,0,1,0,1,0,0
396,2023.06,232854,F,0,0,0,0,0,0,0,1,0,0,0,0,0,0,1,0,1,0,0
397,2023.09,228332,F,0,0,0,0,0,0,0,1,0,0,0,0,0,0,1,0,1,0,0
398,2023.12,230027,F,0,0,0,0,0,0,0,1,0,0,0,0,0,0,1,0,1,0,0
399,2024.03,230122,F,0,0,0,0,0,0,0,1,0,0,0,0,0,0,1,0,1,0,0
400,2024.06,228544,F,0,0,0,0,0,0,0,1,0,0,0,0,0,0,1,0,1,0,0
401,2024.09,221901,F,0,0,0,0,0,0,0,1,0,0,0,0,0,0,1,0,1,0,0
402,2024.12,223554,F,0,0,0,0,0,0,0,1,0,0,0,0,0,0,1,0,1,0,0
403,2025.03,223911,F,0,0,0,0,0,0,0,1,0,0,0,0,0,0,1,0,1,0,0
404,2025.06,222420,F,0,0,0,0,0,0,0,1,0,0,0,0,0,0,1,0,1,0,0
405,2025.09,216393,R,1,0,0,0,0,0,0,1,0,0,0,0,0,0,1,0,1,0,0
406,2011.06,205546,R,1,0,0,0,0,0,0,0,1,0,0,0,0,0,1,0,0,1,0
407,2011.09,205226,R,1,0,0,0,0,0,0,0,1,0,0,0,0,0,1,0,0,1,0
408,2011.12,204628,R,1,0,0,0,0,0,0,0,1,0,0,0,0,0,1,0,0,1,0
409,2012.03,204756,R,1,0,0,0,0,0,0,0,1,0,0,0,0,0,1,0,0,1,0
410,2012.06,205574,R,1,0,0,0,0,0,0,0,1,0,0,0,0,0,1,0,0,1,0
411,2012.09,203885,R,1,0,0,0,0,0,0,0,1,0,0,0,0,0,1,0,0,1,0
412,2012.12,204141,R,1,0,0,0,0,0,0,0,1,0,0,0,0,0,1,0,0,1,0
413,2013.03,204864,R,1,0,0,0,0,0,0,0,1,0,0,0,0,0,1,0,0,1,0
414,2013.06,204151,R,1,0,0,0,0,0,0,0,1,0,0,0,0,0,1,0,0,1,0
415,2013.09,205897,R,1,0,0,0,0,0,0,0,1,0,0,0,0,0,1,0,0,1,0
416,2013.12,207953,R,1,0,0,0,0,0,0,0,1,0,0,0,0,0,1,0,0,1,0
417,2014.03,208158,R,1,0,0,0,0,0,0,0,1,0,0,0,0,0,1,0,0,1,0
418,2014.06,209034,R,1,0,0,0,0,0,0,0,1,0,0,0,0,0,1,0,0,1,0
419,2014.09,209916,R,1,0,0,0,0,0,0,0,1,0,0,0,0,0,1,0,0,1,0
420,2014.12,208006,R,1,0,0,0,0,0,0,0,1,0,0,0,0,0,1,0,0,1,0
421,2015.03,210421,R,1,0,0,0,0,0,0,0,1,0,0,0,0,0,1,0,0,1,0
422,2015.06,211082,R,1,0,0,0,0,0,0,0,1,0,0,0,0,0,1,0,0,1,0
423,2015.09,211979,R,1,0,0,0,0,0,0,0,1,0,0,0,0,0,1,0,0,1,0
424,2015.12,211741,R,1,0,0,0,0,0,0,0,1,0,0,0,0,0,1,0,0,1,0
425,2016.03,212944,R,1,0,0,0,0,0,0,0,1,0,0,0,0,0,1,0,0,1,0
426,2016.06,213484,R,1,0,0,0,0,0,0,0,1,0,0,0,0,0,1,0,0,1,0
427,2016.09,214478,R,1,0,0,0,0,0,0,0,1,0,0,0,0,0,1,0,0,1,0
428,2016.12,215490,R,1,0,0,0,0,0,0,0,1,0,0,0,0,0,1,0,0,1,0
429,2017.03,215540,R,1,0,0,0,0,0,0,0,1,0,0,0,0,0,1,0,0,1,0
430,2017.06,217882,R,1,0,0,0,0,0,0,0,1,0,0,0,0,0,1,0,0,1,0
431,2017.09,218401,R,1,0,0,0,0,0,0,0,1,0,0,0,0,0,1,0,0,1,0
432,2017.12,219976,R,1,0,0,0,0,0,0,0,1,0,0,0,0,0,1,0,0,1,0
433,2018.03,222018,R,1,0,0,0,0,0,0,0,1,0,0,0,0,0,1,0,0,1,0
434,2018.06,223098,R,1,0,0,0,0,0,0,0,1,0,0,0,0,0,1,0,0,1,0
435,2018.09,222846,R,1,0,0,0,0,0,0,0,1,0,0,0,0,0,1,0,0,1,0
436,2018.12,223295,R,1,0,0,0,0,0,0,0,1,0,0,0,0,0,1,0,0,1,0
437,2019.03,224753,R,1,0,0,0,0,0,0,0,1,0,0,0,0,0,1,0,0,1,0
438,2019.06,224424,R,1,0,0,0,0,0,0,0,1,0,0,0,0,0,1,0,0,1,0
439,2019.09,224542,R,1,0,0,0,0,0,0,0,1,0,0,0,0,0,1,0,0,1,0
440,2019.12,226550,R,1,0,0,0,0,0,0,0,1,0,0,0,0,0,1,0,0,1,0
441,2020.03,225832,R,1,0,0,0,0,0,0,0,1,0,0,0,0,0,1,0,0,1,0
442,2020.06,223876,R,1,0,0,0,0,0,0,0,1,0,0,0,0,0,1,0,0,1,0
443,2020.09,223094,R,1,0,0,0,0,0,0,0,1,0,0,0,0,0,1,0,0,1,0
444,2020.12,222124,R,1,0,0,0,0,0,0,0,1,0,0,0,0,0,1,0,0,1,0
445,2021.03,220918,R,1,0,0,0,0,0,0,0,1,0,0,0,0,0,1,0,0,1,0
446,2021.06,223407,R,1,0,0,0,0,0,0,0,1,0,0,0,0,0,1,0,0,1,0
447,2021.09,225011,R,1,0,0,0,0,0,0,0,1,0,0,0,0,0,1,0,0,1,0
448,2021.12,225606,R,1,0,0,0,0,0,0,0,1,0,0,0,0,0,1,0,0,1,0
449,2022.03,226487,R,1,0,0,0,0,0,0,0,1,0,0,0,0,0,1,0,0,1,0
450,2022.06,225856,R,1,0,0,0,0,0,0,0,1,0,0,0,0,0,1,0,0,1,0
451,2022.09,228447,R,1,0,0,0,0,0,0,0,1,0,0,0,0,0,1,0,0,1,0
452,2022.12,229364,R,1,0,0,0,0,0,0,0,1,0,0,0,0,0,1,0,0,1,0
453,2023.03,230581,R,1,0,0,0,0,0,0,0,1,0,0,0,0,0,1,0,0,1,0
454,2023.06,231653,R,1,0,0,0,0,0,0,0,1,0,0,0,0,0,1,0,0,1,0
455,2023.09,231631,R,1,0,0,0,0,0,0,0,1,0,0,0,0,0,1,0,0,1,0
456,2023.12,229863,R,1,0,0,0,0,0,0,0,1,0,0,0,0,0,1,0,0,1,0
457,2024.03,228353,R,1,0,0,0,0,0,0,0,1,0,0,0,0,0,1,0,0,1,0
458,2024.06,227194,R,1,0,0,0,0,0,0,0,1,0,0,0,0,0,1,0,0,1,0
459,2024.09,225056,R,1,0,0,0,0,0,0,0,1,0,0,0,0,0,1,0,0,1,0
460,2024.12,223508,R,1,0,0,0,0,0,0,0,1,0,0,0,0,0,1,0,0,1,0
461,2025.03,222229,R,1,0,0,0,0,0,0,0,1,0,0,0,0,0,1,0,0,1,0
462,2025.06,221000,R,1,0,0,0,0,0,0,0,1,0,0,0,0,0,1,0,0,1,0
463,2025.09,219482,F,0,0,0,0,0,0,0,0,1,0,0,0,0,0,1,0,0,1,0
464,2011.06,205597,R,1,0,0,0,0,0,0,0,0,1,0,0,0,0,1,0,0,0,1
465,2011.09,205138,R,1,0,0,0,0,0,0,0,0,1,0,0,0,0,1,0,0,0,1
466,2011.12,204706,R,1,0,0,0,0,0,0,0,0,1,0,0,0,0,1,0,0,0,1
467,2012.03,204980,R,1,0,0,0,0,0,0,0,0,1,0,0,0,0,1,0,0,0,1
468,2012.06,205002,R,1,0,0,0,0,0,0,0,0,1,0,0,0,0,1,0,0,0,1
469,2012.09,204320,R,1,0,0,0,0,0,0,0,0,1,0,0,0,0,1,0,0,0,1
470,2012.12,204177,R,1,0,0,0,0,0,0,0,0,1,0,0,0,0,1,0,0,0,1
471,2013.03,204437,R,1,0,0,0,0,0,0,0,0,1,0,0,0,0,1,0,0,0,1
472,2013.06,204595,R,1,0,0,0,0,0,0,0,0,1,0,0,0,0,1,0,0,0,1
473,2013.09,205898,R,1,0,0,0,0,0,0,0,0,1,0,0,0,0,1,0,0,0,1
474,2013.12,207609,R,1,0,0,0,0,0,0,0,0,1,0,0,0,0,1,0,0,0,1
475,2014.03,208392,R,1,0,0,0,0,0,0,0,0,1,0,0,0,0,1,0,0,0,1
476,2014.06,209098,R,1,0,0,0,0,0,0,0,0,1,0,0,0,0,1,0,0,0,1
477,2014.09,209557,R,1,0,0,0,0,0,0,0,0,1,0,0,0,0,1,0,0,0,1
478,2014.12,209678,R,1,0,0,0,0,0,0,0,0,1,0,0,0,0,1,0,0,0,1
479,2015.03,210198,R,1,0,0,0,0,0,0,0,0,1,0,0,0,0,1,0,0,0,1
480,2015.06,211236,R,1,0,0,0,0,0,0,0,0,1,0,0,0,0,1,0,0,0,1
481,2015.09,211689,R,1,0,0,0,0,0,0,0,0,1,0,0,0,0,1,0,0,0,1
482,2015.12,212085,R,1,0,0,0,0,0,0,0,0,1,0,0,0,0,1,0,0,0,1
483,2016.03,212708,R,1,0,0,0,0,0,0,0,0,1,0,0,0,0,1,0,0,0,1
484,2016.06,213598,R,1,0,0,0,0,0,0,0,0,1,0,0,0,0,1,0,0,0,1
485,2016.09,214518,R,1,0,0,0,0,0,0,0,0,1,0,0,0,0,1,0,0,0,1
486,2016.12,215179,R,1,0,0,0,0,0,0,0,0,1,0,0,0,0,1,0,0,0,1
487,2017.03,216081,R,1,0,0,0,0,0,0,0,0,1,0,0,0,0,1,0,0,0,1
488,2017.06,217369,R,1,0,0,0,0,0,0,0,0,1,0,0,0,0,1,0,0,0,1
489,2017.09,218656,R,1,0,0,0,0,0,0,0,0,1,0,0,0,0,1,0,0,0,1
490,2017.12,220038,R,1,0,0,0,0,0,0,0,0,1,0,0,0,0,1,0,0,0,1
491,2018.03,221940,R,1,0,0,0,0,0,0,0,0,1,0,0,0,0,1,0,0,0,1
492,2018.06,222921,R,1,0,0,0,0,0,0,0,0,1,0,0,0,0,1,0,0,0,1
493,2018.09,222973,R,1,0,0,0,0,0,0,0,0,1,0,0,0,0,1,0,0,0,1
494,2018.12,223523,R,1,0,0,0,0,0,0,0,0,1,0,0,0,0,1,0,0,0,1
495,2019.03,224383,R,1,0,0,0,0,0,0,0,0,1,0,0,0,0,1,0,0,0,1
496,2019.06,224482,R,1,0,0,0,0,0,0,0,0,1,0,0,0,0,1,0,0,0,1
497,2019.09,224987,R,1,0,0,0,0,0,0,0,0,1,0,0,0,0,1,0,0,0,1
498,2019.12,226101,R,1,0,0,0,0,0,0,0,0,1,0,0,0,0,1,0,0,0,1
499,2020.03,225764,R,1,0,0,0,0,0,0,0,0,1,0,0,0,0,1,0,0,0,1
500,2020.06,224153,R,1,0,0,0,0,0,0,0,0,1,0,0,0,0,1,0,0,0,1
501,2020.09,222988,R,1,0,0,0,0,0,0,0,0,1,0,0,0,0,1,0,0,0,1
502,2020.12,221871,R,1,0,0,0,0,0,0,0,0,1,0,0,0,0,1,0,0,0,1
503,2021.03,221617,R,1,0,0,0,0,0,0,0,0,1,0,0,0,0,1,0,0,0,1
504,2021.06,223119,R,1,0,0,0,0,0,0,0,0,1,0,0,0,0,1,0,0,0,1
505,2021.09,224897,R,1,0,0,0,0,0,0,0,0,1,0,0,0,0,1,0,0,0,1
506,2021.12,225780,R,1,0,0,0,0,0,0,0,0,1,0,0,0,0,1,0,0,0,1
507,2022.03,226219,R,1,0,0,0,0,0,0,0,0,1,0,0,0,0,1,0,0,0,1
508,2022.06,226966,R,1,0,0,0,0,0,0,0,0,1,0,0,0,0,1,0,0,0,1
509,2022.09,228155,R,1,0,0,0,0,0,0,0,0,1,0,0,0,0,1,0,0,0,1
510,2022.12,229489,R,1,0,0,0,0,0,0,0,0,1,0,0,0,0,1,0,0,0,1
511,2023.03,230618,R,1,0,0,0,0,0,0,0,0,1,0,0,0,0,1,0,0,0,1
512,2023.06,231631,R,1,0,0,0,0,0,0,0,0,1,0,0,0,0,1,0,0,0,1
513,2023.09,231436,R,1,0,0,0,0,0,0,0,0,1,0,0,0,0,1,0,0,0,1
514,2023.12,230004,R,1,0,0,0,0,0,0,0,0,1,0,0,0,0,1,0,0,0,1
515,2024.03,228458,R,1,0,0,0,0,0,0,0,0,1,0,0,0,0,1,0,0,0,1
516,2024.06,226981,R,1,0,0,0,0,0,0,0,0,1,0,0,0,0,1,0,0,0,1
517,2024.09,225195,R,1,0,0,0,0,0,0,0,0,1,0,0,0,0,1,0,0,0,1
518,2024.12,223500,R,1,0,0,0,0,0,0,0,0,1,0,0,0,0,1,0,0,0,1
519,2025.03,222237,R,1,0,0,0,0,0,0,0,0,1,0,0,0,0,1,0,0,0,1
520,2025.06,220902,R,1,0,0,0,0,0,0,0,0,1,0,0,0,0,1,0,0,0,1
521,2025.09,219607,F,0,0,0,0,0,0,0,0,0,1,0,0,0,0,1,0,0,0,1
522,2011.06,14486,F,0,0,0,0,0,0,0,0,0,0,1,0,0,1,0,0,1,0,0
523,2011.09,14796,F,0,0,0,0,0,0,0,0,0,0,1,0,0,1,0,0,1,0,0
524,2011.12,15026,F,0,0,0,0,0,0,0,0,0,0,1,0,0,1,0,0,1,0,0
525,2012.03,15065,F,0,0,0,0,0,0,0,0,0,0,1,0,0,1,0,0,1,0,0
526,2012.06,15046,F,0,0,0,0,0,0,0,0,0,0,1,0,0,1,0,0,1,0,0
527,2012.09,15188,F,0,0,0,0,0,0,0,0,0,0,1,0,0,1,0,0,1,0,0
528,2012.12,15269,F,0,0,0,0,0,0,0,0,0,0,1,0,0,1,0,0,1,0,0
529,2013.03,15844,F,0,0,0,0,0,0,0,0,0,0,1,0,0,1,0,0,1,0,0
530,2013.06,15895,F,0,0,0,0,0,0,0,0,0,0,1,0,0,1,0,0,1,0,0
531,2013.09,15773,F,0,0,0,0,0,0,0,0,0,0,1,0,0,1,0,0,1,0,0
532,2013.12,16010,F,0,0,0,0,0,0,0,0,0,0,1,0,0,1,0,0,1,0,0
533,2014.03,15570,F,0,0,0,0,0,0,0,0,0,0,1,0,0,1,0,0,1,0,0
534,2014.06,15347,F,0,0,0,0,0,0,0,0,0,0,1,0,0,1,0,0,1,0,0
535,2014.09,15515,F,0,0,0,0,0,0,0,0,0,0,1,0,0,1,0,0,1,0,0
536,2014.12,15830,F,0,0,0,0,0,0,0,0,0,0,1,0,0,1,0,0,1,0,0
537,2015.03,16017,F,0,0,0,0,0,0,0,0,0,0,1,0,0,1,0,0,1,0,0
538,2015.06,15972,F,0,0,0,0,0,0,0,0,0,0,1,0,0,1,0,0,1,0,0
539,2015.09,15962,F,0,0,0,0,0,0,0,0,0,0,1,0,0,1,0,0,1,0,0
540,2015.12,16143,F,0,0,0,0,0,0,0,0,0,0,1,0,0,1,0,0,1,0,0
541,2016.03,16372,F,0,0,0,0,0,0,0,0,0,0,1,0,0,1,0,0,1,0,0
542,2016.06,16416,F,0,0,0,0,0,0,0,0,0,0,1,0,0,1,0,0,1,0,0
543,2016.09,16533,F,0,0,0,0,0,0,0,0,0,0,1,0,0,1,0,0,1,0,0
544,2016.12,16245,F,0,0,0,0,0,0,0,0,0,0,1,0,0,1,0,0,1,0,0
545,2017.03,17207,F,0,0,0,0,0,0,0,0,0,0,1,0,0,1,0,0,1,0,0
546,2017.06,17243,F,0,0,0,0,0,0,0,0,0,0,1,0,0,1,0,0,1,0,0
547,2017.09,17678,F,0,0,0,0,0,0,0,0,0,0,1,0,0,1,0,0,1,0,0
548,2017.12,18145,F,0,0,0,0,0,0,0,0,0,0,1,0,0,1,0,0,1,0,0
549,2018.03,18505,F,0,0,0,0,0,0,0,0,0,0,1,0,0,1,0,0,1,0,0
550,2018.06,18511,F,0,0,0,0,0,0,0,0,0,0,1,0,0,1,0,0,1,0,0
551,2018.09,18512,F,0,0,0,0,0,0,0,0,0,0,1,0,0,1,0,0,1,0,0
552,2018.12,18812,F,0,0,0,0,0,0,0,0,0,0,1,0,0,1,0,0,1,0,0
553,2019.03,18937,F,0,0,0,0,0,0,0,0,0,0,1,0,0,1,0,0,1,0,0
554,2019.06,19046,F,0,0,0,0,0,0,0,0,0,0,1,0,0,1,0,0,1,0,0
555,2019.09,19316,F,0,0,0,0,0,0,0,0,0,0,1,0,0,1,0,0,1,0,0
556,2019.12,19634,F,0,0,0,0,0,0,0,0,0,0,1,0,0,1,0,0,1,0,0
557,2020.03,19770,F,0,0,0,0,0,0,0,0,0,0,1,0,0,1,0,0,1,0,0
558,2020.06,19791,F,0,0,0,0,0,0,0,0,0,0,1,0,0,1,0,0,1,0,0
559,2020.09,20060,F,0,0,0,0,0,0,0,0,0,0,1,0,0,1,0,0,1,0,0
560,2020.12,20282,F,0,0,0,0,0,0,0,0,0,0,1,0,0,1,0,0,1,0,0
561,2021.03,20618,F,0,0,0,0,0,0,0,0,0,0,1,0,0,1,0,0,1,0,0
562,2021.06,20644,F,0,0,0,0,0,0,0,0,0,0,1,0,0,1,0,0,1,0,0
563,2021.09,20738,F,0,0,0,0,0,0,0,0,0,0,1,0,0,1,0,0,1,0,0
564,2021.12,21113,F,0,0,0,0,0,0,0,0,0,0,1,0,0,1,0,0,1,0,0
565,2022.03,21386,F,0,0,0,0,0,0,0,0,0,0,1,0,0,1,0,0,1,0,0
566,2022.06,22052,F,0,0,0,0,0,0,0,0,0,0,1,0,0,1,0,0,1,0,0
567,2022.09,21892,F,0,0,0,0,0,0,0,0,0,0,1,0,0,1,0,0,1,0,0
568,2022.12,22208,F,0,0,0,0,0,0,0,0,0,0,1,0,0,1,0,0,1,0,0
569,2023.03,22680,F,0,0,0,0,0,0,0,0,0,0,1,0,0,1,0,0,1,0,0
570,2023.06,22361,F,0,0,0,0,0,0,0,0,0,0,1,0,0,1,0,0,1,0,0
571,2023.09,22599,F,0,0,0,0,0,0,0,0,0,0,1,0,0,1,0,0,1,0,0
572,2023.12,23256,F,0,0,0,0,0,0,0,0,0,0,1,0,0,1,0,0,1,0,0
573,2024.03,23426,F,0,0,0,0,0,0,0,0,0,0,1,0,0,1,0,0,1,0,0
574,2024.06,23592,F,0,0,0,0,0,0,0,0,0,0,1,0,0,1,0,0,1,0,0
575,2024.09,23577,F,0,0,0,0,0,0,0,0,0,0,1,0,0,1,0,0,1,0,0
576,2024.12,23981,F,0,0,0,0,0,0,0,0,0,0,1,0,0,1,0,0,1,0,0
577,2025.03,23965,F,0,0,0,0,0,0,0,0,0,0,1,0,0,1,0,0,1,0,0
578,2025.06,23678,F,0,0,0,0,0,0,0,0,0,0,1,0,0,1,0,0,1,0,0
579,2025.09,23607,R,1,0,0,0,0,0,0,0,0,0,1,0,0,1,0,0,1,0,0
580,2011.06,14486,R,1,0,0,0,0,0,0,0,0,0,0,1,0,1,0,0,0,1,0
581,2011.09,14796,R,1,0,0,0,0,0,0,0,0,0,0,1,0,1,0,0,0,1,0
582,2011.12,15026,R,1,0,0,0,0,0,0,0,0,0,0,1,0,1,0,0,0,1,0
583,2012.03,15065,R,1,0,0,0,0,0,0,0,0,0,0,1,0,1,0,0,0,1,0
584,2012.06,15046,R,1,0,0,0,0,0,0,0,0,0,0,1,0,1,0,0,0,1,0
585,2012.09,15188,R,1,0,0,0,0,0,0,0,0,0,0,1,0,1,0,0,0,1,0
586,2012.12,15269,R,1,0,0,0,0,0,0,0,0,0,0,1,0,1,0,0,0,1,0
587,2013.03,15844,R,1,0,0,0,0,0,0,0,0,0,0,1,0,1,0,0,0,1,0
588,2013.06,15895,R,1,0,0,0,0,0,0,0,0,0,0,1,0,1,0,0,0,1,0
589,2013.09,15773,R,1,0,0,0,0,0,0,0,0,0,0,1,0,1,0,0,0,1,0
590,2013.12,16010,R,1,0,0,0,0,0,0,0,0,0,0,1,0,1,0,0,0,1,0
591,2014.03,15570,R,1,0,0,0,0,0,0,0,0,0,0,1,0,1,0,0,0,1,0
592,2014.06,15347,R,1,0,0,0,0,0,0,0,0,0,0,1,0,1,0,0,0,1,0
593,2014.09,15515,R,1,0,0,0,0,0,0,0,0,0,0,1,0,1,0,0,0,1,0
594,2014.12,15830,R,1,0,0,0,0,0,0,0,0,0,0,1,0,1,0,0,0,1,0
595,2015.03,16017,R,1,0,0,0,0,0,0,0,0,0,0,1,0,1,0,0,0,1,0
596,2015.06,15972,R,1,0,0,0,0,0,0,0,0,0,0,1,0,1,0,0,0,1,0
597,2015.09,15962,R,1,0,0,0,0,0,0,0,0,0,0,1,0,1,0,0,0,1,0
598,2015.12,16143,R,1,0,0,0,0,0,0,0,0,0,0,1,0,1,0,0,0,1,0
599,2016.03,16372,R,1,0,0,0,0,0,0,0,0,0,0,1,0,1,0,0,0,1,0
600,2016.06,16416,R,1,0,0,0,0,0,0,0,0,0,0,1,0,1,0,0,0,1,0
601,2016.09,16533,R,1,0,0,0,0,0,0,0,0,0,0,1,0,1,0,0,0,1,0
602,2016.12,16245,R,1,0,0,0,0,0,0,0,0,0,0,1,0,1,0,0,0,1,0
603,2017.03,17207,R,1,0,0,0,0,0,0,0,0,0,0,1,0,1,0,0,0,1,0
604,2017.06,17243,R,1,0,0,0,0,0,0,0,0,0,0,1,0,1,0,0,0,1,0
605,2017.09,17678,R,1,0,0,0,0,0,0,0,0,0,0,1,0,1,0,0,0,1,0
606,2017.12,18145,R,1,0,0,0,0,0,0,0,0,0,0,1,0,1,0,0,0,1,0
